0,7oiEUj4VAkwqfSKKR1rrzy,Sugar Tastes Like Salt,Sugar Tastes Like Salt,The Orielles,2017-03-13
1,4tRkMAL93DFmaMDUHOHuBH,Rock 'n' Roll Lifestyle,Motorcade of Generosity,Cake,1994
2,5TYHzFAQp3IBeWqRIBIDjJ,Mr. Mastodon Farm,Motorcade of Generosity,Cake,1994
3,7z81vC7eTE5y4hqk9yCx7F,Total Football,Wide Awake!,Parquet Courts,2018-05-18
4,26UinddFbmPE2woBqQ246S,Wide Awake,Wide Awake!,Parquet Courts,2018-05-18
5,76YGvWy36ftupwff9SCl7J,『82.99 F.M』,A Millions Miles Away,Macross 82-99,2014-05-07
6,15ouqiBsgL12olEwP3COsH,Águas De Março,Elis & Tom, , Elis Regina & Antônio Carlos Jobim,1974-06-17
7,23ZsRXroqAdnDor4Myq3N5,The Basement - Live on Standard Selects,Lunar Vacation (Live on Standard Selects),Lunar Vacation,2019-05-29
8,3yuYLC2VHNdR0FwclJRCfY,Superstar - from the Rock Opera "Jesus Christ Superstar",The World Of Charlie Byrd,Charlie Byrd,1973-09-09
9,4HHXh4OSikaK6RATXdtpmB,Bobbi's Second World,Disco Volador,The Orielles,2020-02-28
10,0SSoQF9K7X645Zhvk41cW3,Sunflower Seeds,Silver Dollar Moment,The Orielles,2018-02-16
11,4TYEIckMi7PTCh1kiknKSy,Knucklehead,Feels So Good,Grover Washington, Jr.,1975-01-01
12,2b4nAtGKMuUMuvH203xngH,Before the Water Gets Too High,Wide Awake!,Parquet Courts,2018-05-18
13,0lj4hDaua3ezKyLJ2oXFWw,Space Samba (Disco Volador Theme),Disco Volador,The Orielles,2020-02-28
14,0uXmolBb1lFQqKi2LeGu1n,America's Cup,America's Cup,Pond,2021-05-20
15,0QmIPFQ3h0yVPgHsfqpy05,1.0_8-whatsyourask.m4p,Mr. Robot, Vol. 1 (Original Television Series Soundtrack),Mac Quayle,2016-06-03
16,6tubQQv1t4Yy5q51538B5S,Memoirs Of Miso,Disco Volador,The Orielles,2020-02-28
17,1gmtfgxBXMkRoTk7mNuJ9K,Sneakman,Jet Set Radio SEGA Original Tracks,Hideki Naganuma,2012-10-03
18,42eUzJfFJ5TrfCHVRdeCem,Wave,Stick It!,Buddy Rich,1999-05-17
19,2MDV2w1rdUPT4Qxm5L2Wzv,Taking What's Not Yours,Who Really Cares,TV Girl,2016-02-25
20,5Ub71TCsR3SAbaBl1VGQvz,Normalisation,Wide Awake!,Parquet Courts,2018-05-18
21,3YsZSOjej7nilhPbgblWCs,Too Late, Colin,Artificial Flavors,Lunar Vacation,2018-07-06
22,2aC8wwfrM0YeTAzzk8hxqC,Disco 2000,Different Class,Pulp,1995-10-30
23,2dAV3oeoyJ2TAGEoyU7pbk,Golden - Demo,Demos I,Hippo Campus,2019-06-14
24,4XcXVlQJzFSMBCdM1l0xRY,Speed of Light,Speakers and Tweeters, , Dub Pistols & Blade,2007-04-01
25,4xGy9REHUd7RPZOEhIl9Zu,Down - 2006 Remaster,Remember My Song,Labi Siffre,1975
26,3f4NZkjWlw6jsS8B7I49hE,Space Hos,THE MOUSE & THE MASK,DANGERDOOM,2005-10-17
27,3UqhzsbrJvr9Fm9lIWBs1o,Forever,Dance In France,Flicker Music,2007-12-12
28,1eJVaEAaVyFbVDhMfG20C9,Cities,Gentle Grip,Public Practice,2020-05-15
29,0qZngsBTYM37fevbe03IlX,Swimming,Swell,Lunar Vacation,2017-08-10
30,74bXBsba7d8eJ3Gk62j6Nd,Already Dead,Human Performance,Parquet Courts,2016-04-08
31,1RXzYAbCsqYP6CcAkmPDM1,The Basement,Artificial Flavors,Lunar Vacation,2018-07-06
32,1XkvKjUQUvNgLXKFfk8tBZ,Force majeure,Escapades, , Gaspard Augé & Justice,2021-06-25
33,3TTfJWuWugsdbroEhudsOg,Let Mom Sleep,Jet Set Radio SEGA Original Tracks,Hideki Naganuma,2012-10-03
34,2KRxJ2TgYjlf5WaltolK5C,Thinning,Habit,Snail Mail,2016-07-12
35,5HLes17mwCwKt81mi0Tk35,Archie, Marry Me,Alvvays,Alvvays,2014-07-22
36,5yJrl2r0vr6u9BXqQXZE3V,La vie en rose,Portfolio,Grace Jones,1977-01-01
37,3eXzfZmFzl56GeyQYOIioO,Santa Baby,The Joy of Music, The Job of Real Estate,Vulfpeck,2020-10-23
38,1h9GNQ3aCkQyMAaM40a5xU,Lipgloss,His N Hers,Pulp,1994-04-18
39,2Gm0RojGsc6w9g9YoksNaR,An Air Conditioned Man,Hope Downs,Rolling Blackouts Coastal Fever,2018-06-15
