0,4tRkMAL93DFmaMDUHOHuBH,Rock 'n' Roll Lifestyle,Motorcade of Generosity,Cake,1994
1,5TYHzFAQp3IBeWqRIBIDjJ,Mr. Mastodon Farm,Motorcade of Generosity,Cake,1994
2,2MDV2w1rdUPT4Qxm5L2Wzv,Taking What's Not Yours,Who Really Cares,TV Girl,2016-02-25
3,2aC8wwfrM0YeTAzzk8hxqC,Disco 2000,Different Class,Pulp,1995-10-30
4,1h9GNQ3aCkQyMAaM40a5xU,Lipgloss,His N Hers,Pulp,1994-04-18
5,2fXKyAyPrEa24c6PJyqznF,Common People,Different Class,Pulp,1995-10-30
6,7aKWgpecgLEqisWcXPElDl,Never There,Prolonging the Magic,Cake,1998-02-05
7,4MYql2If0ciuOUB1L2DHDh,Car 24,COWBOY BEBOP (Original Motion Picture Soundtrack),SEATBELTS,1998-05-21
8,2McT9smAArZgp6jKdLnL0X,Mexico,Prolonging the Magic,Cake,1998-02-05
9,3VJ2dJ7FofbWR4L1BeIoG2,It's Time,It's Time,Max Roach,1962
10,4UIWEomPQIaacYpTjEwMVS,Cat Blues,COWBOY BEBOP (Original Motion Picture Soundtrack),SEATBELTS,1998-05-21
11,70hCvHixi2qZHoZhEe8o1Y,Trullo,Sympathy for Life,Parquet Courts,2021-10-22
12,5gJbpZIjdsRS7epwf9y0NW,Black Magic - Remastered,The Girl from Ipanema (Remastered),Astrud Gilberto,2014-12-07
13,03t41ocm9noUIN5qEgjrqq,Transport Is Arranged,Brighten the Corners,Pavement,1997-02-11
14,0MtfJAwV2jXhIlapnljbx4,Mesa,Blade Runner 2049 (Original Motion Picture Soundtrack), , Hans Zimmer & Benjamin Wallfisch,2017-10-05
15,4vz3PAAm3HqSm5PbLtCcDc,The Girl from Ipanema - Remastered,The Girl from Ipanema (Remastered),Astrud Gilberto,2014-12-07
16,5Kf86o9j8foGuExTJVoejE,Here,Slanted & Enchanted,Pavement,1992-04-20
17,3gP3IeMlNNb98geUB7SpPE,Bar Italia,Different Class,Pulp,1995-10-30
18,3F127d8TgEigZ8LitdTukt,Shape Of Things To Come,The Shape Of Things To Come,George Benson,1968
19,5ynfc3x7H5t8shUZRZpb6N,I Bombed Korea,Motorcade of Generosity,Cake,1994
20,7BO7ZbaEmgCSSp3znPMxN4,Heroes And Villains - Remastered 2001,Smiley Smile (Remastered),The Beach Boys,1967-09-18
21,7LS45MdcjyWiDvN1CCQCci,Depersonalization - Unplugged,Snores Before Chores,Reilly & Co.,2020-01-25
22,1qQY4BTSvXNRPwFAhoOO5f,War is Coming,The Nude Party,The Nude Party,2018-07-06
23,1w3W1hz6xVUSWkbh0paMgs,Kooks - 2015 Remaster,Hunky Dory (2015 Remaster),David Bowie,1971-12-17
24,2rHq2boXPGzoPdFD7yA9JX,Experiment in Terror,Experiment in Terror,Henry Mancini,1962
25,3W3qAdkMV5y9eeTJqSPYX7,Guitar,Prolonging the Magic,Cake,1998-02-05
26,4YCvUS8JymByQiQm2shHDP,Records,The Nude Party,The Nude Party,2018-07-06
27,6MQrRYhg1dUdskRQSpTFYJ,ペインテッド・パラダイス,ファンキー・スタッフ,稲垣次郎とソウル・メディア,1975-01-25
28,6h08XbBt4WH3m140VzpQkk,Ain't No Good,Motorcade of Generosity,Cake,1994
29,7LjmOCCTbi0sIofmYzo9vK,On Green Dolphin Street,In Person,Vince Guaraldi,1963
30,7s10VGMnD39Brqpaem8km2,Time Moves On,Midnight Manor,The Nude Party,2020-10-02
31,7Jh1bpe76CNTCgdgAdBw4Z,Heroes - 2017 Remaster,"Heroes" (2017 Remaster),David Bowie,1977
32,0UWa0AdUscdQUI7mjjx6G1,2049,Blade Runner 2049 (Original Motion Picture Soundtrack), , Hans Zimmer & Benjamin Wallfisch,2017-10-05
33,1yxMMAqUiJbxJnLGhl4SHL,Thirsty Drinking Blues,Midnight Manor,The Nude Party,2020-10-02
34,1zLEXRNVucrDxxI1qmGO9Z,Sunroof,Denial in Paradise,courtship.,2018-05-11
35,3rCSLDwMorMuEV368DjHCx,Say It Ain't So - Recorded At Electric Lady Studios,Live At Electric Lady,Japanese Breakfast,2021-10-28
36,4sI19edu6xfWTzlk2lsu9a,Georgia on My Mind - bis,7 Nights at Central,Lluís Coloma Trio,2009-11-19
37,5PntSbMHC1ud6Vvl8x56qd,Loser,Mellow Gold,Beck,1994-03-01
38,69Rdwj1IFqopDXVah0BdEJ,Walking at a Downtown Pace,Sympathy for Life,Parquet Courts,2021-10-22
39,6CB9dEcJawIBQBw1UTGfUc,The Fear,This Is Hardcore,Pulp,1998-03-30
