6CSRaAJ3krsCkhuMAzx4PD,Windows,[6oalE1Ov29U9WBDn63puSu,Jack Wilkins]
2raiYCmtaHV9E2RFtovGfE,Two Headed Freap,[4B5XByhwtjsqGxs91fYMhZ,Ronnie Foster]
3rOjYpSpBWvXXSUyAcB3uH,ギリシャについて書かれた本,[6wkAuBWka6zAL5wK1LIzr4,岡沢 章],[3iIErrW9Zsp3U4UqrB71jq,稲垣次郎とソウル・メディア]
2wWuVfDOvITHUmb0KDzbrM,Ready Take One,[6C65D20ASusYqHGSIktfED,Erroll Garner]
19bQiwEKhXUBJWY6oV3KZk,Madvillainy,[2aoFQUeHD1U7pL098lRsDU,Madvillain],[5LhTec3c7dcqBvpLRWbMcf,Madlib],[2pAWfrd7WFF3XhVt9GooDL,MF DOOM]
58jvwnt6gtTDDhNqH8jI48,Take It From The Dead,[3iqOjs2iwL6ywtcENg1ppm,Acid Dad]
3K6MT6t6jipc02PfTMIHnY,Denial in Paradise,[2OK16hAFRHoJiFZKeZe8A8,courtship.]
4Gl9671W0PTqlXV7pIsPLA,Human Ceremony,[1xVcjJ5YsYOClO2Unt3Rm8,Sunflower Bean]
0fFlloNPNem2XOi4AeU5ty,Dream Wife,[2DaP4uXwKOXAaD77XokW9a,Dream Wife]
4OF0myORLkddrKnzxXy6d5,It Is What It Is,[7juycG9rcYWU8d09kM2qDZ,Posable Action Figures]
0D3qzyO0oUaW5hJpguaGTq,Fading Lines,[0JVbYQsgLAgLkcHfmg4lxv,Amber Arcades]
05xmp7176QVDhdoDsRFqVv,6Twenty,[59bUMyVXfCFTPTIDnrbHs0,The D4]
3nUNxSh2szhmN7iifAKv5i,Permanent Waves,[2Hkut4rAAyrQxRdof7FVJq,Rush]
7M3Pf5anAyk6Y8N80vBLjh,European Heartbreak,[0JVbYQsgLAgLkcHfmg4lxv,Amber Arcades]
5Xv8PCJ7ZMmRd3jXnJqg3V,Give Me Convenience or Give Me Death,[30U8fYtiNpeA5KH6H87QUV,Dead Kennedys]
1QQKv2Y9uONbj8Dw6GUMB6,The Sun Is Often Out,[1o7zIbVAgDDHKijLVuLASg,Longpigs]
67PdmKLom1PcFJavDAaEtE,A Storm In Heaven,[2cGwlqi3k18jFpUyTrsR84,The Verve]
5qhXaVIC5BdE4a5Kq1FMZG,Funhouse,[4BFMTELQyWJU1SwqcXMBm3,The Stooges]
3PmIQlefjUIPlp6bnZgCfH,Fever,[4CL0ezfJvQDkDmjMG7XrV0,Sleepy Sun]
2A0VHH7uZhV8RAyteKOkj4,Love Will Let You Down,[6hc0mVCpacCeXn2M8O8nj5,Lounge FM]
